{"cameraMode":{"drawMode":0,"name":"Shaded","section":"Shading Mode"},"sceneLighting":true,"audioPlay":false,"sceneViewState":{"showFog":false,"showMaterialUpdate":false,"showSkybox":false,"showFlares":false,"showImageEffects":false,"showParticleSystems":false},"in2DMode":false,"pivot":{"x":-2.7891135215759279,"y":-8.275796890258789,"z":547.3197631835938},"rotation":{"x":0.11314912140369415,"y":-0.010432378388941288,"z":0.0011880692327395082,"w":0.9935228824615479},"size":42.322479248046878,"orthographic":false}